tools	bash-completion
tools	ca-certificates
tools	curl
tools	dbus
tools	dbus-bin
tools	dbus-daemon
tools	dbus-session-bus-common
tools	dbus-system-bus-common
tools	dmsetup
tools	git
tools	git-man
tools	htop
tools	krb5-locales
tools	less
tools	libapparmor1
tools	libbpf1
tools	libbrotli1
tools	libcap2
tools	libcbor0.10
tools	libcom-err2
tools	libcryptsetup12
tools	libcurl4-gnutls
tools	libcurl4t64
tools	libdbus-1-3
tools	libdevmapper1.02.1
tools	libedit2
tools	libelf1t64
tools	liberror-perl
tools	libevent-core-2.1-7t64
tools	libexpat1
tools	libffi8
tools	libfido2-1
tools	libgcrypt20
tools	libgdbm-compat4t64
tools	libgdbm6t64
tools	libgnutls30t64
tools	libgpg-error-l10n
tools	libgpg-error0
tools	libgpm2
tools	libgssapi-krb5-2
tools	libidn2-0
tools	libjemalloc2
tools	libjson-c5
tools	libk5crypto3
tools	libkeyutils1
tools	libkmod2
tools	libkrb5-3
tools	libkrb5support0
tools	libldap-common
tools	libldap2
tools	libncursesw6
tools	libnghttp2-14
tools	libnghttp3-9
tools	libngtcp2-16
tools	libngtcp2-crypto-gnutls8
tools	libngtcp2-crypto-ossl0
tools	libp11-kit0
tools	libperl5.42
tools	libpsl5t64
tools	libsasl2-2
tools	libsasl2-modules
tools	libsasl2-modules-db
tools	libssh2-1t64
tools	libsystemd-shared
tools	libtasn1-6
tools	libtss2-esys-3.0.2-0t64
tools	libtss2-mu-4.0.1-0t64
tools	libtss2-rc0t64
tools	libtss2-sys1t64
tools	libtss2-tcti-cmd0t64
tools	libtss2-tcti-device0t64
tools	libtss2-tcti-mssim0t64
tools	libtss2-tcti-swtpm0t64
tools	libunistring5
tools	libunwind8
tools	libx11-6
tools	libx11-data
tools	libxau6
tools	libxcb1
tools	libxdmcp6
tools	libxext6
tools	libxmuu1
tools	linux-sysctl-defaults
tools	netbase
tools	openssh-client
tools	openssh-common
tools	openssl
tools	patch
tools	perl
tools	perl-modules-5.42
tools	publicsuffix
tools	systemd
tools	systemd-cryptsetup
tools	systemd-timesyncd
tools	systemd-tpm
tools	tmux
tools	tpm-udev
tools	xauth
tools	zsh
tools	zsh-common
clang	binutils
clang	binutils-common
clang	binutils-x86-64-linux-gnu
clang	clang
clang	clang-21
clang	clang-tools-21
clang	gcc-15-base
clang	lib32gcc-s1
clang	lib32stdc++6
clang	libasan8
clang	libatomic1
clang	libbinutils
clang	libc-dev-bin
clang	libc6-dev
clang	libc6-i386
clang	libclang-common-21-dev
clang	libclang-cpp21
clang	libclang-rt-21-dev
clang	libclang1-21
clang	libctf-nobfd0
clang	libctf0
clang	libffi-dev
clang	libgc1
clang	libgcc-15-dev
clang	libgomp1
clang	libgprofng0
clang	libhwasan0
clang	libitm1
clang	libjansson4
clang	libllvm21
clang	liblsan0
clang	liblzma-dev
clang	libncurses-dev
clang	libncurses6
clang	libobjc-15-dev
clang	libobjc4
clang	libpfm4
clang	libpython3-stdlib
clang	libpython3.14-minimal
clang	libpython3.14-stdlib
clang	libquadmath0
clang	libreadline8t64
clang	libsframe3
clang	libsqlite3-0
clang	libstdc++-15-dev
clang	libtsan2
clang	libubsan1
clang	libxml2-16
clang	libxml2-dev
clang	libyaml-0-2
clang	libz3-4
clang	libz3-dev
clang	linux-libc-dev
clang	llvm-21
clang	llvm-21-dev
clang	llvm-21-linker-tools
clang	llvm-21-runtime
clang	llvm-21-tools
clang	manpages
clang	manpages-dev
clang	media-types
clang	python3
clang	python3-minimal
clang	python3-pygments
clang	python3-yaml
clang	python3.14
clang	python3.14-minimal
clang	readline-common
clang	zlib1g-dev
media	adwaita-icon-theme
media	alsa-topology-conf
media	alsa-ucm-conf
media	at-spi2-common
media	at-spi2-core
media	bubblewrap
media	dbus-user-session
media	dconf-gsettings-backend
media	dconf-service
media	ffmpeg
media	fontconfig
media	fontconfig-config
media	fonts-dejavu-core
media	fonts-dejavu-mono
media	fonts-droid-fallback
media	fonts-noto-mono
media	fonts-urw-base35
media	ghostscript
media	gir1.2-girepository-3.0
media	gir1.2-glib-2.0
media	glycin-loaders
media	glycin-thumbnailers
media	gsettings-desktop-schemas
media	gtk-update-icon-cache
media	hicolor-icon-theme
media	ibus-gtk3
media	imagemagick
media	imagemagick-7-common
media	imagemagick-7.q16
media	libaacs0
media	libabsl20260526
media	libaom3
media	libasound2-data
media	libasound2t64
media	libass9
media	libasyncns0
media	libatk-bridge2.0-0t64
media	libatk1.0-0t64
media	libatspi2.0-0t64
media	libavahi-client3
media	libavahi-common-data
media	libavahi-common3
media	libavc1394-0
media	libavcodec62
media	libavdevice62
media	libavfilter11
media	libavformat62
media	libavutil60
media	libbdplus0
media	libbluray4
media	libbs2b0
media	libcairo-gobject2
media	libcairo2
media	libcdio-cdda2t64
media	libcdio-paranoia2t64
media	libcdio19t64
media	libchromaprint1
media	libcjson1
media	libcloudproviders0
media	libcodec2-1.2
media	libcolord2
media	libcpuinfo0
media	libcups2t64
media	libdatrie1
media	libdav1d7
media	libdc1394-25
media	libdconf1
media	libde265-0
media	libdecor-0-0
media	libdecor-0-plugin-1-gtk
media	libdeflate0
media	libdisplay-info3
media	libdjvulibre-text
media	libdjvulibre21
media	libdnnl3.6
media	libdrm-amdgpu1
media	libdrm-common
media	libdrm-intel1
media	libdrm2
media	libdvdnav4
media	libdvdread8t64
media	libebur128-1
media	libegl-mesa0
media	libegl1
media	libepoxy0
media	libfftw3-double3
media	libfftw3-single3
media	libflac14
media	libflite1
media	libfontconfig1
media	libfontenc1
media	libfreetype6
media	libfribidi0
media	libgbm1
media	libgdk-pixbuf-2.0-0
media	libgdk-pixbuf2.0-common
media	libgirepository-2.0-0
media	libgl1
media	libgl1-mesa-dri
media	libglib2.0-0t64
media	libglib2.0-data
media	libglvnd0
media	libglx-mesa0
media	libglx0
media	libglycin-2-0
media	libgme0
media	libgraphite2-3
media	libgs-common
media	libgs10
media	libgs10-common
media	libgsm1
media	libgtk-3-0t64
media	libgtk-3-bin
media	libgtk-3-common
media	libharfbuzz0b
media	libheif-plugin-aomenc
media	libheif-plugin-dav1d
media	libheif-plugin-libde265
media	libheif-plugin-x265
media	libheif1
media	libhwy1t64
media	libibus-1.0-5
media	libice6
media	libidn12
media	libiec61883-0
media	libijs-0.35
media	libimath-3-2-30
media	libjack-jackd2-0
media	libjbig0
media	libjbig2dec0
media	libjpeg62-turbo
media	libjxl0.11
media	libjxr-tools
media	libjxr0t64
media	liblcms2-2
media	liblerc4
media	liblilv-0-0
media	liblqr-1-0
media	libltdl7
media	libmagickcore-7.q16-10
media	libmagickcore-7.q16-10-extra
media	libmagickwand-7.q16-10
media	libmp3lame0
media	libmpg123-0t64
media	libmysofa1
media	libnetpbm11t64
media	libnorm1t64
media	libnss-systemd
media	libnuma1
media	libogg0
media	libonnx1l
media	libonnxruntime-providers
media	libonnxruntime1.23
media	libopenal-data
media	libopenal1
media	libopenexr-3-4-33
media	libopenjp2-7
media	libopenjph0.28
media	libopenmpt0t64
media	libopus0
media	libpam-systemd
media	libpango-1.0-0
media	libpangocairo-1.0-0
media	libpangoft2-1.0-0
media	libpaper-utils
media	libpaper2
media	libpciaccess0
media	libpgm-5.3-0t64
media	libpipewire-0.3-0t64
media	libpipewire-0.3-common
media	libpixman-1-0
media	libplacebo360
media	libpng16-16t64
media	libproc2-1
media	libprotobuf-lite32t64
media	libprotobuf32t64
media	libpthreadpool0
media	libpulse0
media	librabbitmq4
media	librav1e0.8
media	libraw1394-11
media	libraw25
media	libre2-11
media	librist4
media	librsvg2-2
media	librsvg2-common
media	librubberband3
media	libsamplerate0
media	libsdl2-2.0-0
media	libsdl3-0
media	libsensors-config
media	libsensors5
media	libserd-0-0
media	libsharpyuv0
media	libshine3
media	libsm6
media	libsnappy1v5
media	libsndfile1
media	libsodium26
media	libsord-0-0
media	libsoxr0
media	libspa-0.2-modules
media	libspeex1
media	libsratom-0-0
media	libsrt1.5-gnutls
media	libssh-4
media	libsvtav1enc4
media	libswresample6
media	libswscale9
media	libthai-data
media	libthai0
media	libtheoradec2
media	libtheoraenc2
media	libtiff6
media	libtwolame0
media	libudfread3
media	libunibreak7
media	libusb-1.0-0
media	libva-drm2
media	libva-x11-2
media	libva2
media	libvdpau1
media	libvidstab1.2
media	libvorbis0a
media	libvorbisenc2
media	libvorbisfile3
media	libvpl2
media	libvpx12
media	libvulkan1
media	libwayland-client0
media	libwayland-cursor0
media	libwayland-egl1
media	libwebp7
media	libwebpdemux2
media	libwebpmux3
media	libwebrtc-audio-processing-1-3
media	libwmflite-0.2-7
media	libx11-xcb1
media	libx264-165
media	libx265-216
media	libxcb-dri3-0
media	libxcb-glx0
media	libxcb-present0
media	libxcb-randr0
media	libxcb-render0
media	libxcb-shape0
media	libxcb-shm0
media	libxcb-sync1
media	libxcb-xfixes0
media	libxcomposite1
media	libxcursor1
media	libxdamage1
media	libxfixes3
media	libxi6
media	libxinerama1
media	libxkbcommon0
media	libxnnpack0.20241108
media	libxrandr2
media	libxrender1
media	libxres1
media	libxshmfence1
media	libxss1
media	libxt6t64
media	libxtst6
media	libxv1
media	libxvidcore4
media	libxxf86vm1
media	libzimg2
media	libzix-0-0
media	libzmq5
media	libzvbi-common
media	libzvbi0t64
media	mesa-libgallium
media	mesa-vulkan-drivers
media	netpbm
media	ocl-icd-libopencl1
media	pci.ids
media	poppler-data
media	procps
media	psmisc
media	python3-gi
media	sensible-utils
media	shared-mime-info
media	systemd-sysv
media	systemd-userdbd
media	user-session-migration
media	x11-common
media	xdg-user-dirs
media	xfonts-encodings
media	xfonts-utils
media	xkb-data
editor	bat
editor	fzf
editor	jq
editor	libgit2-1.9
editor	libjq1
editor	libllhttp9.4
editor	libluajit-5.1-2
editor	libluajit-5.1-common
editor	libonig5
editor	libtree-sitter0.26
editor	libunibilium4
editor	libutf8proc3
editor	libuv1t64
editor	libxmu6
editor	lua-lpeg
editor	lua-luv
editor	neovim
editor	neovim-runtime
editor	python3-greenlet
editor	python3-msgpack
editor	python3-pynvim
editor	ripgrep
editor	xclip
editor	xxd
sideload	alacritty
sideload	cpp
sideload	cpp-16
sideload	cpp-16-x86-64-linux-gnu
sideload	cpp-x86-64-linux-gnu
sideload	libauthen-sasl-perl
sideload	libclone-perl
sideload	libcrypt-urandom-perl
sideload	libdata-dump-perl
sideload	libencode-locale-perl
sideload	libfile-basedir-perl
sideload	libfile-desktopentry-perl
sideload	libfile-listing-perl
sideload	libfile-mimeinfo-perl
sideload	libfont-afm-perl
sideload	libhtml-form-perl
sideload	libhtml-format-perl
sideload	libhtml-parser-perl
sideload	libhtml-tagset-perl
sideload	libhtml-tree-perl
sideload	libhttp-cookies-perl
sideload	libhttp-daemon-perl
sideload	libhttp-date-perl
sideload	libhttp-message-perl
sideload	libhttp-negotiate-perl
sideload	libio-compress-brotli-perl
sideload	libio-html-perl
sideload	libio-socket-ssl-perl
sideload	libio-stringy-perl
sideload	libipc-system-simple-perl
sideload	libisl23
sideload	liblwp-mediatypes-perl
sideload	liblwp-protocol-https-perl
sideload	libmailtools-perl
sideload	libmpc3
sideload	libmpfr6
sideload	libnet-dbus-perl
sideload	libnet-http-perl
sideload	libnet-smtp-ssl-perl
sideload	libnet-ssleay-perl
sideload	libnspr4
sideload	libnss3
sideload	libsecret-1-0
sideload	libsecret-common
sideload	libtext-iconv-perl
sideload	libtie-ixhash-perl
sideload	libtimedate-perl
sideload	libtry-tiny-perl
sideload	liburi-perl
sideload	libwww-perl
sideload	libwww-robotrules-perl
sideload	libx11-protocol-perl
sideload	libxaw7
sideload	libxcb-xkb1
sideload	libxft2
sideload	libxkbcommon-x11-0
sideload	libxkbfile1
sideload	libxml-parser-perl
sideload	libxml-twig-perl
sideload	libxml-xpathengine-perl
sideload	libxpm4
sideload	libxxf86dga1
sideload	luit
sideload	ncurses-term
sideload	perl-openssl-defaults
sideload	x11-utils
sideload	x11-xserver-utils
sideload	xdg-utils
recent	libada-url0-3
recent	libcares2
recent	libhdr-histogram6
recent	libicu78
recent	libnode137
recent	libsimdjson33
recent	libsimdutf33
recent	node-acorn
recent	node-balanced-match
recent	node-brace-expansion
recent	node-corepack
recent	node-debug
recent	node-llhttp
recent	node-lru-cache
recent	node-minimatch
recent	node-ms
recent	node-semver
recent	node-undici
recent	node-xtend
recent	nodejs
recent	nodejs-doc
recent	sqlite3
base	apt
base	base-files
base	base-passwd
base	bash
base	bsdutils
base	coreutils
base	dash
base	debconf
base	debian-archive-keyring
base	debianutils
base	diffutils
base	dpkg
base	findutils
base	gcc-16-base
base	grep
base	gzip
base	hostname
base	init-system-helpers
base	libacl1
base	libapt-pkg7.0
base	libattr1
base	libaudit-common
base	libaudit1
base	libblkid1
base	libbsd0
base	libbz2-1.0
base	libc-bin
base	libc-gconv-modules-extra
base	libc6
base	libcap-ng0
base	libcrypt1
base	libdb5.3t64
base	libdebconfclient0
base	libgcc-s1
base	libgmp10
base	libhogweed6t64
base	liblz4-1
base	liblzma5
base	libmd0
base	libmount1
base	libnettle8t64
base	libpam-modules
base	libpam-modules-bin
base	libpam-runtime
base	libpam0g
base	libpcre2-8-0
base	libseccomp2
base	libselinux1
base	libsemanage-common
base	libsemanage2
base	libsepol2
base	libsmartcols1
base	libssl3t64
base	libstdc++6
base	libsystemd0
base	libtinfo6
base	libudev1
base	libuuid1
base	libxxhash0
base	libzstd1
base	login
base	login.defs
base	mawk
base	mount
base	ncurses-base
base	ncurses-bin
base	openssl-provider-legacy
base	passwd
base	perl-base
base	sed
base	sqv
base	sysvinit-utils
base	tar
base	tzdata
base	util-linux
base	zlib1g
