code	1.109.1-1766432476	411704	Code editing. Redefined.
 Visual Studio Code is a new choice of tool that combines the simplicity of a
 code editor with what developers need for their core edit-build-debug cycle.
 It comes with built-in support for JavaScript, TypeScript and Node.js.
libssl1.1	1.1.1w-0+deb11u3	4092	Secure Sockets Layer toolkit - shared libraries
 This package is part of the OpenSSL project's implementation of the SSL and
 TLS cryptographic protocols for secure communication over the Internet.
linux-image-amd64	6.17.5-1	12	Linux for 64-bit PCs (meta-package)
 This package depends on the latest Linux kernel and modules for use on PCs
 with AMD64, Intel 64 or VIA Nano processors.
linux-image-6.17.0-3-amd64	6.17.5-1	129884	Linux 6.17 for 64-bit PCs (signed)
linux-headers-6.17.0-3-amd64	6.17.5-1	95220	Header files for Linux 6.17.0-3-amd64
intel-microcode	3.20260812.1	14608	Processor microcode firmware for Intel CPUs
